{
    "train_loss": [
        0.25173801628475995,
        0.052651463666012886,
        0.026701671610016135,
        0.01515353629616312,
        0.009530792907072363,
        0.007278007534587467,
        0.0073697601157879464,
        0.005048678795590256,
        0.004244945965550481,
        0.004316927232211785,
        0.003928245344491492,
        0.004011262722793063,
        0.0020910415510876634,
        0.0024127401565743286,
        0.003562960104459274,
        0.00156668736556737,
        0.003063192940417298,
        0.0025772963339987815,
        0.0026360517551376433,
        0.0014539488423419128,
        0.0016565871645920639,
        0.002142956745896756,
        0.0015027524228091896,
        0.0018418001908562646,
        0.002451700125414441,
        0.0019937969559805143,
        0.0013083162786403178,
        0.001651525143955043,
        0.0014311352914318808
    ],
    "val_loss": [
        0.085615907891287,
        0.046932615045261514,
        0.030882307266827155,
        0.03037392910359278,
        0.029283563598710836,
        0.029082955318880967,
        0.024082261182981554,
        0.028358253757546324,
        0.05665696747705384,
        0.02808290067710747,
        0.027528624320635128,
        0.02505754821525085,
        0.02165432611602299,
        0.024648160217608017,
        0.025187360425468146,
        0.02507196683982008,
        0.017723375785003718,
        0.02625974292876146,
        0.02223880230004534,
        0.023518104499522425,
        0.027034837537325104,
        0.020480766776946463,
        0.022223632203664623,
        0.02268650431000995,
        0.025747262647409844,
        0.01629151180497903,
        0.020178586680446815,
        0.02310441323055586,
        0.01766775501133206
    ],
    "train_acc": [
        0.918417622937792,
        0.9826758638227534,
        0.9917352744842494,
        0.9952001017196986,
        0.9968371531199339,
        0.997822562700658,
        0.9978384564035729,
        0.9985536730347436,
        0.9987602911726374,
        0.9985854604405734,
        0.9987920785784672,
        0.9988079722813821,
        0.9993483581804888,
        0.9993483581804888,
        0.9989828030134461,
        0.9994596141008932,
        0.9990304841221908,
        0.9992847833688293,
        0.9992371022600846,
        0.9994278266950635,
        0.9994596141008932,
        0.9994596141008932,
        0.999491401506723,
        0.9994278266950635,
        0.9993642518834038,
        0.9992688896659143,
        0.9996026574271274,
        0.9994119329921485,
        0.9995867637242125
    ],
    "val_acc": [
        0.9689764780673872,
        0.9837253655435474,
        0.9909726636999364,
        0.989446916719644,
        0.9925619834710744,
        0.9928162746344564,
        0.9928162746344564,
        0.9914176732358551,
        0.9859504132231405,
        0.9937698664971393,
        0.9945327399872854,
        0.9954227590591227,
        0.9958677685950413,
        0.99446916719644,
        0.9938334392879847,
        0.9962492053401144,
        0.9966306420851876,
        0.9940877304513668,
        0.9937062937062937,
        0.9959949141767324,
        0.9946598855689764,
        0.9953591862682771,
        0.9953591862682771,
        0.9952320406865861,
        0.9956134774316593,
        0.9965034965034965,
        0.996439923712651,
        0.99446916719644,
        0.9967577876668786
    ],
    "train_f1": [
        0.89935286177333,
        0.9804388764345046,
        0.9907241467832076,
        0.9945931128809519,
        0.9966166357176247,
        0.9974077434433353,
        0.9974140894760283,
        0.9983454801965955,
        0.9984594451861338,
        0.9981452136743371,
        0.9985266319788818,
        0.9984541959390272,
        0.9992738403701995,
        0.999219198250594,
        0.9987869214230627,
        0.9994365961690919,
        0.998694450720661,
        0.9990366966073866,
        0.9989350844091346,
        0.9993906368284311,
        0.9992603751882652,
        0.999362486681192,
        0.9994622155209556,
        0.9992347128743002,
        0.9991986104724573,
        0.9991701366111567,
        0.9994998214682719,
        0.9993002134668936,
        0.9994926041030675
    ],
    "val_f1": [
        0.9576334511511314,
        0.9786488847807556,
        0.9895022402351503,
        0.9867724500762985,
        0.9911435830091322,
        0.9913334806260838,
        0.9910831885426654,
        0.9886176389062588,
        0.9802500017479212,
        0.9916645431377773,
        0.993129502962099,
        0.9945388462212001,
        0.995142969700769,
        0.9931669797351727,
        0.9919284029990872,
        0.9955015090834172,
        0.9960214326932175,
        0.9927368623392392,
        0.9927484852691615,
        0.9952825728057428,
        0.9933850343057151,
        0.9945817446351803,
        0.9946347046351373,
        0.9951150948194092,
        0.9948468121582934,
        0.9959321841546688,
        0.9957636064747479,
        0.9930723097746827,
        0.9959387243016798
    ]
}