{
    "train_loss": [
        0.5931790186382795,
        0.5241007553285916,
        0.5221287874860353,
        0.521424350113964,
        0.5186580581203724,
        0.5149389446802939,
        0.5185707277978663,
        0.5191871534543095,
        0.5156779111070178,
        0.5182660611466499,
        0.5148901346699221,
        0.516604803466324,
        0.5115291461869096,
        0.5168179426297369,
        0.5180833484463434,
        0.5102489772874873,
        0.5139269130513167,
        0.5161866951318065,
        0.5146600059583973,
        0.5125679597483561,
        0.5118225831991385
    ],
    "val_loss": [
        0.49386482794650105,
        0.49500526367898057,
        0.46283217138798466,
        0.4657441540766278,
        0.4829972213381654,
        0.4452005151836871,
        0.4608892951755105,
        0.45533402004934614,
        0.48193792781478195,
        0.4532932223803059,
        0.4515791308440301,
        0.46049955306125917,
        0.465132561716318,
        0.4566692651833839,
        0.45671098621802503,
        0.4415596574866991,
        0.44928643107414246,
        0.45287611938383043,
        0.4544561355756637,
        0.4735505470104909,
        0.45138615744078303
    ],
    "train_acc": [
        0.7829714866969707,
        0.8047140722845608,
        0.8053498204011571,
        0.8060491433294129,
        0.8076067262150736,
        0.8088464350424361,
        0.807717982135478,
        0.8075590451063289,
        0.809370927238628,
        0.8092755650211386,
        0.8089100098540958,
        0.8087033917162021,
        0.8100384627610541,
        0.8082424743316698,
        0.8081471121141803,
        0.8089259035570107,
        0.8095457579706921,
        0.8094027146444579,
        0.8099748879493944,
        0.8111828093709272,
        0.8104834864426714
    ],
    "val_acc": [
        0.8167832167832167,
        0.8006357279084552,
        0.8240940877304513,
        0.8184996821360457,
        0.8190718372536554,
        0.8305149396058487,
        0.8202797202797203,
        0.827972027972028,
        0.8434202161474889,
        0.8340750158931977,
        0.8467895740623014,
        0.8310870947234583,
        0.8314685314685315,
        0.8362364907819453,
        0.8326128417037508,
        0.8260012714558169,
        0.8424666242848061,
        0.8403051493960585,
        0.8432294977749524,
        0.8298792116973935,
        0.8382708200890019
    ],
    "train_f1": [
        0.7303125687631217,
        0.75613196335389,
        0.7575609338686065,
        0.7572158770037083,
        0.7597153011644464,
        0.7612840692613034,
        0.7600233940987456,
        0.7597461237469152,
        0.7622317924887929,
        0.7618086880100489,
        0.7615227460640954,
        0.7611194223936878,
        0.7625561450720733,
        0.7605059393544567,
        0.760293409573503,
        0.761586884932403,
        0.7618744609025183,
        0.760844141708374,
        0.7623604932267142,
        0.7638849071399314,
        0.7635784349302689
    ],
    "val_f1": [
        0.7689716677279992,
        0.7565430007918741,
        0.7795411552257565,
        0.7775893901115302,
        0.7796925042156471,
        0.7872266287671066,
        0.7797835596109952,
        0.7859715487273329,
        0.798712276956967,
        0.7896063539514299,
        0.8043168682979069,
        0.784597126064257,
        0.7867956182637937,
        0.7943239023779337,
        0.7872606706810399,
        0.7858954783913814,
        0.797256596881245,
        0.7966157040808992,
        0.7981545616408598,
        0.7864173606197985,
        0.7941999695535391
    ]
}