{
    "train_loss": [
        0.2326622482051959,
        0.03927785065206048,
        0.020654856516833263,
        0.013554429195349136,
        0.011311487571715035,
        0.009391677028609989,
        0.00950472649992574,
        0.005620406419128311,
        0.00601958036961555,
        0.007043772504860228,
        0.004490156253153116,
        0.004548620640221241,
        0.003911962291500481,
        0.004648283080758315,
        0.003147030836729223,
        0.003036328966593301,
        0.0030850424644002696,
        0.0036374981283167993,
        0.00362683852178637,
        0.002744077759518175,
        0.0032235983776777886,
        0.002869761962085484,
        0.002596426476776615,
        0.0032512912239581436,
        0.0021415075582528207,
        0.002503745077931397,
        0.001803127017819421,
        0.0026280374621092052,
        0.002964299189385218,
        0.0032141992045668453,
        0.0010466626872701462,
        0.0033442923310481962,
        0.0012181727553293499,
        0.0013884834010144767,
        0.0018758307115616108,
        0.0023530772749916955,
        0.0014288345795106625,
        0.001946803626859547,
        0.0077959512047393814,
        0.0008905470410440774,
        0.0028499897448224297,
        0.0005205747411171541,
        0.0012363440778377333,
        0.0018949568129999817,
        0.0015585531038424644,
        0.001786437915339531,
        0.0008597308619268357,
        0.0020009278851478036,
        0.0018294258854228056
    ],
    "val_loss": [
        0.05368712515873954,
        0.031864522095474794,
        0.031154468653336386,
        0.033972972527641865,
        0.025869521740939812,
        0.030048499830376992,
        0.025141355751488025,
        0.024518875404592067,
        0.02506570586046133,
        0.020019679867354083,
        0.0202385505905998,
        0.02110159910830004,
        0.03534831816899416,
        0.022761287032854013,
        0.02956986336452866,
        0.03188629023764744,
        0.019264247375703307,
        0.029242947711223176,
        0.02778680548058321,
        0.038220140219128194,
        0.030672705808515405,
        0.017304122222453627,
        0.02908332316669327,
        0.03278087274504821,
        0.022761496495901312,
        0.019502446304463787,
        0.028214871492333968,
        0.022817187235378417,
        0.018041144412724815,
        0.02542264923790387,
        0.029077875005251174,
        0.023905772754237158,
        0.02946039129092626,
        0.023327721879493665,
        0.030809320854439288,
        0.025886666711425352,
        0.02476858861509116,
        0.03431054860507589,
        0.021237990323663844,
        0.019329005275368162,
        0.03010300318436764,
        0.03000190483004015,
        0.035633549705818855,
        0.03019421178906346,
        0.03161025541751068,
        0.025836293378071654,
        0.025507911731984294,
        0.02484325348616238,
        0.030074798151017948
    ],
    "train_acc": [
        0.9267459232652023,
        0.986935376203948,
        0.9930385581232716,
        0.995486188372167,
        0.9961855113004228,
        0.9972980705044662,
        0.9972186019898917,
        0.9983947360055946,
        0.9981086493531263,
        0.9980927556502114,
        0.998490098223084,
        0.9985695667376585,
        0.9988238659842971,
        0.9987920785784672,
        0.9990622715280206,
        0.9989669093105311,
        0.9990781652309355,
        0.9990304841221908,
        0.9988874407959566,
        0.9991258463396803,
        0.9992212085571697,
        0.9990463778251057,
        0.99915763374551,
        0.9991735274484249,
        0.9992688896659143,
        0.9992529959629994,
        0.9995708700212975,
        0.9990940589338504,
        0.9994119329921485,
        0.99915763374551,
        0.9996344448329572,
        0.9991894211513398,
        0.9994755078038081,
        0.9996026574271274,
        0.9994596141008932,
        0.9993801455863187,
        0.9997139133475317,
        0.9993960392892336,
        0.9990145904192759,
        0.9997139133475317,
        0.9994596141008932,
        0.9997774881591913,
        0.9994596141008932,
        0.9995231889125529,
        0.9995549763183826,
        0.999507295209638,
        0.9997298070504466,
        0.9996185511300423,
        0.999491401506723
    ],
    "val_acc": [
        0.980737444373808,
        0.9899554990464081,
        0.9919898283534647,
        0.9907183725365544,
        0.9940877304513668,
        0.9932612841703751,
        0.9938970120788303,
        0.994850603941513,
        0.9963763509218054,
        0.9958677685950413,
        0.9971392244119517,
        0.9972027972027973,
        0.9965034965034965,
        0.9973299427844883,
        0.9965034965034965,
        0.9959949141767324,
        0.996439923712651,
        0.9966306420851876,
        0.996439923712651,
        0.9976478067387158,
        0.994850603941513,
        0.9977749523204069,
        0.9972027972027973,
        0.9970756516211061,
        0.9979020979020979,
        0.9971392244119517,
        0.9955499046408137,
        0.9980928162746344,
        0.9974570883661793,
        0.9972027972027973,
        0.9968213604577241,
        0.9975206611570248,
        0.9979020979020979,
        0.9979020979020979,
        0.9971392244119517,
        0.9979656706929434,
        0.998410680228862,
        0.9973935155753337,
        0.9966306420851876,
        0.9978385251112524,
        0.996439923712651,
        0.9972663699936427,
        0.9958041958041958,
        0.9967577876668786,
        0.9967577876668786,
        0.9969485060394151,
        0.9982199618563254,
        0.9974570883661793,
        0.9977113795295613
    ],
    "train_f1": [
        0.9075418248623175,
        0.9845357287086292,
        0.9918295665442355,
        0.9947357329459126,
        0.9956166371997826,
        0.9964417579536082,
        0.9966273919507587,
        0.998122383914702,
        0.9976200853278416,
        0.9978049852168958,
        0.9980256502900515,
        0.9983786770349774,
        0.9985447613348407,
        0.9985930962040307,
        0.9989216938053214,
        0.9989511567825418,
        0.9990881357088314,
        0.9988439867536106,
        0.9985536777303903,
        0.9988799559800199,
        0.999058530549828,
        0.9987953710499248,
        0.9989867067513195,
        0.9989040809592994,
        0.9991915642386843,
        0.9992010246125962,
        0.9994264884250537,
        0.9988884288207794,
        0.9992295632538024,
        0.9989726396963563,
        0.9995872167170725,
        0.9990557298995522,
        0.9994568813776442,
        0.9995391519826702,
        0.9992738048745085,
        0.9992765303576631,
        0.9996478259843727,
        0.9993074963848791,
        0.9989834079886567,
        0.9996823186533215,
        0.9992943223909424,
        0.9997568221563267,
        0.9994175861310043,
        0.9994500178203861,
        0.9993424121395535,
        0.9994901509309945,
        0.9996842802756472,
        0.9994921028036373,
        0.9993475647842983
    ],