{
    "train_loss": [
        0.31370401358147054,
        0.057491308464965175,
        0.028192872661339522,
        0.02066779024215346,
        0.014299403458270972,
        0.012937227950669287,
        0.010453833802285973,
        0.008355991870441089,
        0.009762802155976023,
        0.009422477371826804,
        0.005421188001756496,
        0.005934953624003035,
        0.00645353250063455,
        0.0060044608045806734,
        0.005161983536352178,
        0.004933412417707648,
        0.005323865717577439,
        0.006052663853808938,
        0.004277488210028087,
        0.0034034485474695314,
        0.002829832358802961,
        0.00375032781374676,
        0.004515606848061306,
        0.003968007375312524,
        0.002924216551191412,
        0.004707237710968443,
        0.003535746704654265,
        0.003430782608048363,
        0.002584622396549563,
        0.003904458834458844,
        0.00234989085731657,
        0.0018028020660527042,
        0.0033288566572131136,
        0.003355641316586396,
        0.001791031319037121,
        0.0033439086088578765,
        0.002054910959084133,
        0.003338232010496609,
        0.0015164291321253106,
        0.0024211776086468127,
        0.0042301415815879035,
        0.0019539730024977203,
        0.001701886587983139,
        0.0026229705629316554,
        0.0014928867457093798,
        0.0022000156139939993,
        0.001708750334762714,
        0.002255359328504076
    ],
    "val_loss": [
        0.08575936683772745,
        0.05107299133148195,
        0.03422562170689967,
        0.03426024659667274,
        0.037616475473861474,
        0.030686067883605457,
        0.03303542386706717,
        0.035007580130336134,
        0.024244030214225894,
        0.034771693014798946,
        0.030253285152641474,
        0.022615514322791956,
        0.02483340285448045,
        0.024007174095084453,
        0.03381170551458063,
        0.03521071021821868,
        0.03416851379291198,
        0.03373487950153938,
        0.027398469643471764,
        0.02230399490124075,
        0.02974836730541187,
        0.03440883839620486,
        0.022819157100818575,
        0.02386511089315142,
        0.021407089718788238,
        0.02789259834016101,
        0.031188776373141755,
        0.025656914729033906,
        0.031026231642681906,
        0.02470431441887512,
        0.034263722956142786,
        0.02916787543203321,
        0.034140377465607524,
        0.024655164020454725,
        0.049028826189312334,
        0.023256809639649958,
        0.034301027076736504,
        0.03124478652289038,
        0.031636706567458185,
        0.03408951995483334,
        0.021576241866670953,
        0.02502886552622145,
        0.02268346712389436,
        0.02402069832827933,
        0.026827211666779226,
        0.02611037102872696,
        0.028995183645904907,
        0.03528986852346218
    ],
    "train_acc": [
        0.9032868177628024,
        0.9800851902476239,
        0.9901617978956737,
        0.9929431959057822,
        0.9951047395022092,
        0.9956133379954862,
        0.9962172987062525,
        0.9972186019898917,
        0.9969484090403382,
        0.9970914523665724,
        0.9983470548968498,
        0.9980768619472965,
        0.9980291808385517,
        0.9979814997298071,
        0.9984583108172542,
        0.9984265234114243,
        0.998331161193935,
        0.9983470548968498,
        0.9987602911726374,
        0.9988556533901268,
        0.9991894211513398,
        0.9985854604405734,
        0.9986013541434884,
        0.9987602911726374,
        0.9992053148542548,
        0.9986013541434884,
        0.9990304841221908,
        0.99915763374551,
        0.9993165707746591,
        0.998839759687212,
        0.9992688896659143,
        0.9993642518834038,
        0.9989828030134461,
        0.9993165707746591,
        0.9993960392892336,
        0.9990463778251057,
        0.9992371022600846,
        0.9992212085571697,
        0.999507295209638,
        0.9993483581804888,
        0.9989192282017865,
        0.999491401506723,
        0.9994437203979784,
        0.9993165707746591,
        0.999491401506723,
        0.9995231889125529,
        0.9994596141008932,
        0.9993642518834038
    ],
    "val_acc": [
        0.9669421487603306,
        0.9839796567069294,
        0.9907819453273998,
        0.9901462174189447,
        0.991163382072473,
        0.9916719643992371,
        0.992752701843611,
        0.9935791481246027,
        0.9949141767323586,
        0.9933884297520661,
        0.9930705657978385,
        0.9963763509218054,
        0.9957406230133503,
        0.9947870311506675,
        0.9950413223140496,
        0.9956770502225047,
        0.9956134774316593,
        0.9932612841703751,
        0.99446916719644,
        0.9956770502225047,
        0.9961220597584234,
        0.9942148760330578,
        0.996439923712651,
        0.9967577876668786,
        0.9970756516211061,
        0.9968213604577241,
        0.9959949141767324,
        0.996567069294342,
        0.9970756516211061,
        0.9973935155753337,
        0.9940241576605213,
        0.9965034965034965,
        0.9957406230133503,
        0.9974570883661793,
        0.9906547997457088,
        0.9984742530197076,
        0.9947870311506675,
        0.9974570883661793,
        0.996439923712651,
        0.9962492053401144,
        0.9973935155753337,
        0.9972027972027973,
        0.9972027972027973,
        0.9971392244119517,
        0.998283534647171,
        0.9977113795295613,
        0.9970120788302607,
        0.996567069294342
    ],
    "train_f1": [
        0.8786041700807752,
        0.9766453389813932,
        0.9885234543812991,
        0.991643377375871,
        0.9942499333137854,
        0.9949631795253155,
        0.9955262661236244,
        0.9968639075688587,
        0.9964013921893008,
        0.9963113707393947,
        0.9979968033293778,
        0.9978985844907999,
        0.9976713589452403,
        0.9976600862587837,
        0.998094245419447,
        0.9981250733630521,
        0.997955545651216,
        0.9980084626081998,
        0.9984790608276278,
        0.9987434623860497,
        0.9991141854244755,
        0.9983311125611988,
        0.998389098339517,
        0.9986072083454572,
        0.9989796199136599,
        0.9984119985432507,
        0.9987476025177173,
        0.9989885124663549,
        0.9991320813872443,
        0.998674370549399,
        0.9991207612226845,
        0.9993575881036642,
        0.9986000073678961,
        0.9992543811949514,
        0.9994251962018448,
        0.9988208133063958,
        0.9991993979051064,
        0.9989999547655506,
        0.9993971513548123,
        0.9992222336125283,
        0.9986162712166053,
        0.9993500260827614,
        0.9993825585980491,
        0.9991643150968178,
        0.9994945409077556,
        0.9993879547945437,
        0.9993724378660108,
        0.9992367204181232
    ],