{
    "train_loss": [
        0.12136386202816955,
        0.01697504295246177,
        0.010714283965309537,
        0.007862385311063626,
        0.006289565335437132,
        0.005511177911245938,
        0.004382355409897661,
        0.004544770214866915,
        0.003054962191571742,
        0.003716796571772064,
        0.0028105968117350163,
        0.0026614773537076437,
        0.00400028884519215,
        0.0016291030297890742,
        0.002634087265553689,
        0.0023969942927933342,
        0.001640616668618438,
        0.0019060644323199698,
        0.0021665070704488874,
        0.0011119938525752677,
        0.0018138445077987904,
        0.0025167312224821025,
        0.0006112336884889013,
        0.0019807885947667244,
        0.0009999600064020725,
        0.0028050269801524683,
        0.0017851420128984193,
        0.000714724309966753,
        0.0015876272792586623,
        0.001062698703006372,
        0.0011972615973684228,
        0.0010422013002393746,
        0.0011676885275265876,
        0.0011842493441555648,
        0.0011243688176761333,
        0.001004303248206451,
        0.001043789208242521,
        0.0010960610317878195,
        0.001375929909353824,
        0.0009202123635037046,
        0.0005961976097145182,
        0.0005855139814673909,
        0.0009212079828460183,
        0.0011716921641361277,
        0.0011868879307112333,
        0.0006922307811116339,
        0.0011427223896693828,
        0.0004697530276495996,
        0.0006500829095770093,
        0.0012057237992526935
    ],
    "val_loss": [
        0.012290548351595239,
        0.01034874818371293,
        0.017840739925038866,
        0.007847525471468969,
        0.03187733804106763,
        0.010159595542483468,
        0.009070471038517167,
        0.019791495353601064,
        0.011998174510487248,
        0.005142237315897701,
        0.006465000702747841,
        0.009371321876215663,
        0.011827259194962091,
        0.008488612942282656,
        0.013008826746463555,
        0.010061381126644443,
        0.008591901569622844,
        0.008145363312231679,
        0.009334124839761216,
        0.010154173165178105,
        0.0069220419347395005,
        0.006165228958286319,
        0.009106676549501388,
        0.009840433004466064,
        0.010776531853427739,
        0.004692733513182153,
        0.037060804244834974,
        0.007857868325638357,
        0.00500831683987148,
        0.004429560225511616,
        0.006846851029937313,
        0.005546315214127144,
        0.009362869494637025,
        0.009868997140235751,
        0.008538628534579103,
        0.01327868375729197,
        0.012766674248093095,
        0.011650360387476726,
        0.008412726496370737,
        0.021282687582445628,
        0.01596858002792547,
        0.009363031274221298,
        0.011273629430554113,
        0.012699704475385404,
        0.012643303746451623,
        0.012157685036094488,
        0.054019458484005856,
        0.015448148554219608,
        0.011002304223196622,
        0.01273025562729786
    ],
    "train_acc": [
        0.9577278097415258,
        0.9937182430290747,
        0.9960522903439598,
        0.9970800395731478,
        0.9978292399458271,
        0.9978004245468779,
        0.9985688351855232,
        0.9985304146535908,
        0.9989242251058966,
        0.9988665943079982,
        0.9989626456378289,
        0.9991739585634564,
        0.9990106713027442,
        0.9994621125529483,
        0.9991163277655579,
        0.9992988252922361,
        0.9995485587497959,
        0.9993660612231177,
        0.9993372458241684,
        0.9995389536168128,
        0.999567769015762,
        0.9990683021006426,
        0.9997598716754234,
        0.9994044817550499,
        0.9996542152126097,
        0.9992604047603039,
        0.9994717176859313,
        0.9997694768084064,
        0.9995389536168128,
        0.9996830306115588,
        0.9996542152126097,
        0.9997310562764742,
        0.9995965844147112,
        0.999558163882779,
        0.9996926357445419,
        0.9995869792817281,
        0.9996061895476943,
        0.9997022408775249,
        0.9996061895476943,
        0.999711846010508,
        0.9997598716754234,
        0.9997214511434911,
        0.9997694768084064,
        0.9997022408775249,
        0.9997694768084064,
        0.9998078973403387,
        0.9997022408775249,
        0.9998367127392879,
        0.9998078973403387,
        0.9996446100796266
    ],
    "val_acc": [
        0.9964269248501614,
        0.997810050714615,
        0.9953127401260181,
        0.9987705547871523,
        0.9985784539726449,
        0.9984247733210388,
        0.9991547564161672,
        0.9982326725065315,
        0.9982326725065315,
        0.9992315967419702,
        0.9993084370677732,
        0.9990394959274628,
        0.9980789918549254,
        0.9991931765790687,
        0.9981558321807285,
        0.9993084370677732,
        0.9993084370677732,
        0.9986168741355463,
        0.9988858152758567,
        0.9993852773935762,
        0.9991547564161672,
        0.9987321346242508,
        0.9982326725065315,
        0.9982710926694329,
        0.9984631934839404,
        0.9991931765790687,
        0.9973490087597972,
        0.9993468572306746,
        0.9993084370677732,
        0.9997310588596896,
        0.9995773782080836,
        0.9995389580451821,
        0.9987321346242508,
        0.9995773782080836,
        0.9996157983709851,
        0.9990394959274628,
        0.9993084370677732,
        0.9990010757645612,
        0.9996157983709851,
        0.9991931765790687,
        0.9988089749500538,
        0.9997694790225911,
        0.9997310588596896,
        0.9996157983709851,
        0.9979253112033195,
        0.9992315967419702,
        0.9977716305517136,
        0.9995389580451821,
        0.9992315967419702,
        0.9993084370677732
    ],
    "train_f1": [
        0.9548368879693205,
        0.9938576704950619,
        0.9958844815018824,
        0.9969888936649968,
        0.9978427543073958,
        0.9977840016839568,
        0.9983863529312081,
        0.9984273654898304,
        0.9989222960655758,
        0.9987473151091674,
        0.9989501956144041,
        0.9992235092930055,
        0.9989371148479944,
        0.9994430724356451,
        0.9991177777654405,
        0.9992125358917585,
        0.9995754873898111,
        0.9993637030067025,
        0.9993630020901356,
        0.9996147733396674,
        0.9995507824912417,
        0.9991121539001626,
        0.9997471481205684,
        0.9993861806608001,
        0.9997115405092883,
        0.9991340746222137,
        0.999430993786953,
        0.9998026482165575,
        0.9995224399055376,
        0.9996999947446514,
        0.9996059885494628,
        0.9997192148392008,
        0.9995581457557459,
        0.999581435502036,
        0.9996921902765137,
        0.9995776425552722,
        0.9996031319679989,
        0.9996506966112605,
        0.999579800561299,
        0.9997378610529029,
        0.9997807806627512,
        0.9997613087805808,
        0.9997351750536234,
        0.9996367087909567,
        0.9997839850762664,
        0.9997455725830146,
        0.9997229532104046,
        0.999847140517587,
        0.9998127825138315,
        0.9996884644251915
    ],