{
    "train_loss": [
        0.1460074600177338,
        0.043131554865491334,
        0.033398823288883724,
        0.025612669179762442,
        0.02133868325104491,
        0.01593054563628439,
        0.013705822831825911,
        0.013784699928157092,
        0.011266193722701172,
        0.010859777723366005,
        0.008423438411782332,
        0.008333911594212534,
        0.007538963377278648,
        0.007426777784196595,
        0.006689649236853548,
        0.005994398275765125,
        0.006463660697805231,
        0.004831141595741454,
        0.005311717483248532,
        0.005279625326543594,
        0.00425344659989624,
        0.004103922695690974,
        0.004675467138327943,
        0.0032255708378803355,
        0.004522125281573963,
        0.004284010519649736,
        0.004623559263520423,
        0.0029683826341355504,
        0.0038231965739077564,
        0.0028411720593053305,
        0.002621049957020336,
        0.0034509122337615258
    ],
    "val_loss": [
        0.06991268865921509,
        0.03257246214761329,
        0.017291297769090143,
        0.021887637445004757,
        0.014938767835137465,
        0.021967499401410406,
        0.007733081364998798,
        0.008911058019577721,
        0.026328536262827638,
        0.025644846237329873,
        0.0042301231290310095,
        0.008304585678053707,
        0.011318866198329522,
        0.0157270857798058,
        0.006429987565162899,
        0.006313694002303787,
        0.008899819111606722,
        0.010484391934242193,
        0.0064621633303510876,
        0.004317203206821453,
        0.006068567858532121,
        0.006410343674602376,
        0.006963416481143147,
        0.03273932516098896,
        0.006973821412799133,
        0.008956167501363393,
        0.008613982027518077,
        0.011867432334099546,
        0.008950658519277184,
        0.0032965525211019987,
        0.008786453118680745,
        0.011438066088705885
    ],
    "train_acc": [
        0.9499476520252423,
        0.9834887764021093,
        0.9874268809251664,
        0.9906542056074766,
        0.992152606352835,
        0.9939487662206683,
        0.995062961646704,
        0.995062961646704,
        0.9961387365408074,
        0.9961291314078243,
        0.9969167523124358,
        0.9969743831103342,
        0.997387403828606,
        0.9973201678977246,
        0.9975987167542335,
        0.9979925272065392,
        0.9975699013552842,
        0.9982518657970819,
        0.9982326555311158,
        0.9980021323395223,
        0.9984823889886756,
        0.9985400197865739,
        0.998415153057794,
        0.998693701914303,
        0.9983191017279635,
        0.9985400197865739,
        0.998395942791828,
        0.9989050148399304,
        0.9987993583771168,
        0.9990106713027442,
        0.9990971174995917,
        0.9987897532441337
    ],
    "val_acc": [
        0.9656523743660673,
        0.9846319348394037,
        0.991931765790687,
        0.9922391270938988,
        0.993506992469648,
        0.9923159674197018,
        0.9972721684339941,
        0.9975795297372061,
        0.9908560012294452,
        0.9930075303519287,
        0.9988858152758567,
        0.9980789918549254,
        0.9965421853388658,
        0.993583832795451,
        0.9981942523436299,
        0.9989242354387583,
        0.9972337482710927,
        0.9966574458275703,
        0.9987705547871523,
        0.9991163362532657,
        0.9990779160903642,
        0.9987321346242508,
        0.9978868910404181,
        0.9890118334101736,
        0.9988858152758567,
        0.9976947902259106,
        0.9980789918549254,
        0.9966190256646689,
        0.9975411095743046,
        0.9991547564161672,
        0.9983863531581374,
        0.9966190256646689
    ],
    "train_f1": [
        0.9480170631841423,
        0.9832601274911593,
        0.9872838629916161,
        0.9903278178196271,
        0.9919844918714181,
        0.9938597109635136,
        0.994795167642779,
        0.9950423007958845,
        0.9960250093554759,
        0.9958998196753855,
        0.9968484315407324,
        0.9968083640772919,
        0.9973024469209333,
        0.9972334784239945,
        0.9975288058184457,
        0.997917865827705,
        0.9975034582481572,
        0.9982849568313604,
        0.9980873186696697,
        0.9978996466995945,
        0.9984072967342712,
        0.9984619755901638,
        0.9982763549854412,
        0.9986233595317128,
        0.9982752780936505,
        0.9984034090457622,
        0.9983330353658343,
        0.9988227005969406,
        0.9987058671007145,
        0.9990285606743879,
        0.9990828659955926,
        0.9987496383035275
    ],
    "val_f1": [
        0.9713783665290869,
        0.9851177781208593,
        0.9923370739466935,
        0.9919900122041969,
        0.9940625874318729,
        0.9931928779296013,
        0.9974312082617054,
        0.9972566443479343,
        0.9891591012479868,
        0.9927425562010992,
        0.9990074838991545,
        0.9982275837690833,
        0.9965339408123344,
        0.9942542592847823,
        0.9982037533983397,
        0.9988454945597813,
        0.997275997001147,
        0.9965487203476509,
        0.9987488792328003,
        0.9992340936768451,
        0.998974867065882,
        0.9987319514595956,
        0.9978799040075157,
        0.9904569221996502,
        0.9989500220296373,
        0.9980467630445107,
        0.9978129801728096,
        0.9960065015737852,
        0.9972106206846423,
        0.9992060544449798,
        0.9983920901225771,
        0.9962526692545707
    ]
}